id,feedstock,feedstock_age_years,mg_activation_molar,pyrolysis_c,pmax_mg_p_per_g_biochar,pmax_se_mg_p_per_g_biochar,r_squared,fit_screen,source_table_row,source_cell,source_url
1,PL1,1,0.0,500,,,,NR: net P release (source table label),1,NRa,https://link.springer.com/article/10.1007/s42773-023-00263-5/tables/1
2,PL1,1,0.0,700,,,,NR: net P release (source table label),1,NRa,https://link.springer.com/article/10.1007/s42773-023-00263-5/tables/1
3,PL1,1,0.0,900,,,,NR: net P release (source table label),1,NRa,https://link.springer.com/article/10.1007/s42773-023-00263-5/tables/1
4,PL1,1,0.25,500,14.52,6.58,0.27,poor Langmuir fit: R2 <= 0.80,2,14.52 ± 6.58,https://link.springer.com/article/10.1007/s42773-023-00263-5/tables/1
5,PL1,1,0.25,700,4.1,0.17,0.92,passes R2 > 0.80 screen,2,4.10 ± 0.17,https://link.springer.com/article/10.1007/s42773-023-00263-5/tables/1
6,PL1,1,0.25,900,0.66,0.12,0.83,passes R2 > 0.80 screen,2,0.66 ± 0.12,https://link.springer.com/article/10.1007/s42773-023-00263-5/tables/1
7,PL1,1,0.5,500,,,,NR: net P release (source table label),3,NR,https://link.springer.com/article/10.1007/s42773-023-00263-5/tables/1
8,PL1,1,0.5,700,2.39,0.29,0.93,passes R2 > 0.80 screen,3,2.39 ± 0.29,https://link.springer.com/article/10.1007/s42773-023-00263-5/tables/1
9,PL1,1,0.5,900,1.67,0.22,0.91,passes R2 > 0.80 screen,3,1.67 ± 0.22,https://link.springer.com/article/10.1007/s42773-023-00263-5/tables/1
10,PL1,1,1.0,500,8.55,0.97,0.94,passes R2 > 0.80 screen,4,8.55 ± 0.97,https://link.springer.com/article/10.1007/s42773-023-00263-5/tables/1
11,PL1,1,1.0,700,7.41,0.23,1.0,passes R2 > 0.80 screen,4,7.41 ± 0.23,https://link.springer.com/article/10.1007/s42773-023-00263-5/tables/1
12,PL1,1,1.0,900,2.6,0.25,0.96,passes R2 > 0.80 screen,4,2.60 ± 0.25,https://link.springer.com/article/10.1007/s42773-023-00263-5/tables/1
13,PL3,3-5,0.0,500,,,,NR: net P release (source table label),5,NRa,https://link.springer.com/article/10.1007/s42773-023-00263-5/tables/1
14,PL3,3-5,0.0,700,0.56,0.25,0.59,poor Langmuir fit: R2 <= 0.80,5,0.56 ± 0.25,https://link.springer.com/article/10.1007/s42773-023-00263-5/tables/1
15,PL3,3-5,0.0,900,3.36,2.12,0.25,poor Langmuir fit: R2 <= 0.80,5,3.36 ± 2.12,https://link.springer.com/article/10.1007/s42773-023-00263-5/tables/1
16,PL3,3-5,0.25,500,,,,NR: net P release (source table label),6,NRa,https://link.springer.com/article/10.1007/s42773-023-00263-5/tables/1
17,PL3,3-5,0.25,700,,,,NR: net P release (source table label),6,aNR,https://link.springer.com/article/10.1007/s42773-023-00263-5/tables/1
18,PL3,3-5,0.25,900,1.19,0.31,0.67,poor Langmuir fit: R2 <= 0.80,6,1.19 ± 0.31,https://link.springer.com/article/10.1007/s42773-023-00263-5/tables/1
19,PL3,3-5,0.5,500,,,,NR: net P release (source table label),7,NRa,https://link.springer.com/article/10.1007/s42773-023-00263-5/tables/1
20,PL3,3-5,0.5,700,0.38,0.11,0.6,poor Langmuir fit: R2 <= 0.80,7,0.38 ± 0.11,https://link.springer.com/article/10.1007/s42773-023-00263-5/tables/1
21,PL3,3-5,0.5,900,5.33,0.6,0.94,passes R2 > 0.80 screen,7,5.33 ± 0.60,https://link.springer.com/article/10.1007/s42773-023-00263-5/tables/1
22,PL3,3-5,1.0,500,6.32,0.32,0.99,passes R2 > 0.80 screen,8,6.32 ± 0.32,https://link.springer.com/article/10.1007/s42773-023-00263-5/tables/1
23,PL3,3-5,1.0,700,7.43,0.83,0.94,passes R2 > 0.80 screen,8,7.43 ± 0.83,https://link.springer.com/article/10.1007/s42773-023-00263-5/tables/1
24,PL3,3-5,1.0,900,10.35,1.45,0.9,passes R2 > 0.80 screen,8,10.35 ± 1.45,https://link.springer.com/article/10.1007/s42773-023-00263-5/tables/1
25,PL7,7-9,0.0,500,,,,NR: net P release (source table label),9,NRa,https://link.springer.com/article/10.1007/s42773-023-00263-5/tables/1
26,PL7,7-9,0.0,700,,,,NR: net P release (source table label),9,NRa,https://link.springer.com/article/10.1007/s42773-023-00263-5/tables/1
27,PL7,7-9,0.0,900,,,,NR: net P release (source table label),9,NRa,https://link.springer.com/article/10.1007/s42773-023-00263-5/tables/1
28,PL7,7-9,0.25,500,,,,NR: net P release (source table label),10,NRa,https://link.springer.com/article/10.1007/s42773-023-00263-5/tables/1
29,PL7,7-9,0.25,700,1.17,1.03,0.01,poor Langmuir fit: R2 <= 0.80,10,1.17 ± 1.03,https://link.springer.com/article/10.1007/s42773-023-00263-5/tables/1
30,PL7,7-9,0.25,900,0.62,0.06,0.96,passes R2 > 0.80 screen,10,0.62 ± 0.06,https://link.springer.com/article/10.1007/s42773-023-00263-5/tables/1
31,PL7,7-9,0.5,500,134.41,133.98,0.0,poor Langmuir fit: R2 <= 0.80,11,134.41 ± 133.98,https://link.springer.com/article/10.1007/s42773-023-00263-5/tables/1
32,PL7,7-9,0.5,700,0.95,0.19,0.79,poor Langmuir fit: R2 <= 0.80,11,0.95 ± 0.19,https://link.springer.com/article/10.1007/s42773-023-00263-5/tables/1
33,PL7,7-9,0.5,900,4.25,0.21,0.85,passes R2 > 0.80 screen,11,4.25 ± 0.21,https://link.springer.com/article/10.1007/s42773-023-00263-5/tables/1
34,PL7,7-9,1.0,500,4.9,0.61,0.92,passes R2 > 0.80 screen,12,4.90 ± 0.61,https://link.springer.com/article/10.1007/s42773-023-00263-5/tables/1
35,PL7,7-9,1.0,700,2.84,0.4,0.9,passes R2 > 0.80 screen,12,2.84 ± 0.40,https://link.springer.com/article/10.1007/s42773-023-00263-5/tables/1
36,PL7,7-9,1.0,900,5.41,1.85,0.96,passes R2 > 0.80 screen,12,5.41 ± 1.85,https://link.springer.com/article/10.1007/s42773-023-00263-5/tables/1
