id,formulation_id,feedstock,pyrolysis_c,mg_activation_molar,point_index,solution_p_mg_l,sorbed_p_mg_g,source_sheet,source_cells
1,1,PL1,500,0.0,1,35.54,-2.072222222222222,Figure 5 and Sup. Fig. S5,E9:F9
2,1,PL1,500,0.0,2,36.67,-2.415686274509804,Figure 5 and Sup. Fig. S5,E10:F10
3,1,PL1,500,0.0,3,35.53,-2.0327272727272727,Figure 5 and Sup. Fig. S5,E11:F11
4,1,PL1,500,0.0,4,74.94,-5.403999999999998,Figure 5 and Sup. Fig. S5,E12:F12
5,1,PL1,500,0.0,5,75.74,-5.35,Figure 5 and Sup. Fig. S5,E13:F13
6,1,PL1,500,0.0,6,75.65,-5.384466019417477,Figure 5 and Sup. Fig. S5,E14:F14
7,1,PL1,500,0.0,7,107.37,-5.925217391304349,Figure 5 and Sup. Fig. S5,E15:F15
8,1,PL1,500,0.0,8,109.98,-6.986666666666668,Figure 5 and Sup. Fig. S5,E16:F16
9,1,PL1,500,0.0,9,109.48,-6.403539823008851,Figure 5 and Sup. Fig. S5,E17:F17
10,1,PL1,500,0.0,10,142.46,-8.885148514851485,Figure 5 and Sup. Fig. S5,E18:F18
11,1,PL1,500,0.0,11,142.63,-8.579047619047618,Figure 5 and Sup. Fig. S5,E19:F19
12,1,PL1,500,0.0,12,135.88,-7.025688073394494,Figure 5 and Sup. Fig. S5,E20:F20
13,1,PL1,500,0.0,13,167.28,-8.700970873786408,Figure 5 and Sup. Fig. S5,E21:F21
14,1,PL1,500,0.0,14,164.84,-7.56607142857143,Figure 5 and Sup. Fig. S5,E22:F22
15,1,PL1,500,0.0,15,167.93,-8.742307692307694,Figure 5 and Sup. Fig. S5,E23:F23
16,4,PL1,500,0.25,1,31.75,-1.2519230769230774,Figure 5 and Sup. Fig. S5,H9:I9
17,4,PL1,500,0.25,2,27.2,-0.3408695652173915,Figure 5 and Sup. Fig. S5,H10:I10
18,4,PL1,500,0.25,3,30.55,-1.0514851485148518,Figure 5 and Sup. Fig. S5,H11:I11
19,4,PL1,500,0.25,4,62.02,-2.163809523809525,Figure 5 and Sup. Fig. S5,H12:I12
20,4,PL1,500,0.25,5,64.77,-2.7134615384615386,Figure 5 and Sup. Fig. S5,H13:I13
21,4,PL1,500,0.25,6,63.69,-2.4129629629629634,Figure 5 and Sup. Fig. S5,H14:I14
22,4,PL1,500,0.25,7,100.94,-4.441121495327102,Figure 5 and Sup. Fig. S5,H15:I15
23,4,PL1,500,0.25,8,93.33,-2.8086956521739115,Figure 5 and Sup. Fig. S5,H16:I16
24,4,PL1,500,0.25,9,98.29,-4.020952380952381,Figure 5 and Sup. Fig. S5,H17:I17
25,4,PL1,500,0.25,10,133.56,-6.3980000000000015,Figure 5 and Sup. Fig. S5,H18:I18
26,4,PL1,500,0.25,11,138.23,-6.982857142857143,Figure 5 and Sup. Fig. S5,H19:I19
27,4,PL1,500,0.25,12,132.91,-5.9132075471698125,Figure 5 and Sup. Fig. S5,H20:I20
28,4,PL1,500,0.25,13,154.14,-4.768932038834946,Figure 5 and Sup. Fig. S5,H21:I21
29,4,PL1,500,0.25,14,154.1,-4.227586206896548,Figure 5 and Sup. Fig. S5,H22:I22
30,4,PL1,500,0.25,15,156.31,-5.241176470588234,Figure 5 and Sup. Fig. S5,H23:I23
31,7,PL1,500,0.5,1,15.87,1.8019230769230767,Figure 5 and Sup. Fig. S5,K9:L9
32,7,PL1,500,0.5,2,16.11,1.7226415094339622,Figure 5 and Sup. Fig. S5,K10:L10
33,7,PL1,500,0.5,3,22.03,0.5487179487179483,Figure 5 and Sup. Fig. S5,K11:L11
34,7,PL1,500,0.5,4,48.07,0.4709090909090903,Figure 5 and Sup. Fig. S5,K12:L12
35,7,PL1,500,0.5,5,43.46,1.3457943925233635,Figure 5 and Sup. Fig. S5,K13:L13
36,7,PL1,500,0.5,6,45.75,0.9442307692307687,Figure 5 and Sup. Fig. S5,K14:L14
37,7,PL1,500,0.5,7,81.16,-0.7803921568627431,Figure 5 and Sup. Fig. S5,K15:L15
38,7,PL1,500,0.5,8,80.55,-0.6607843137254884,Figure 5 and Sup. Fig. S5,K16:L16
39,7,PL1,500,0.5,9,83.66,-1.2705882352941158,Figure 5 and Sup. Fig. S5,K17:L17
40,7,PL1,500,0.5,10,113.28,-2.3188118811881204,Figure 5 and Sup. Fig. S5,K18:L18
41,7,PL1,500,0.5,11,117.65,-3.1529411764705912,Figure 5 and Sup. Fig. S5,K19:L19
42,7,PL1,500,0.5,12,112.96,-1.9637931034482758,Figure 5 and Sup. Fig. S5,K20:L20
43,7,PL1,500,0.5,13,132.31,-0.4789473684210508,Figure 5 and Sup. Fig. S5,K21:L21
44,7,PL1,500,0.5,14,131.79,-0.38771929824561047,Figure 5 and Sup. Fig. S5,K22:L22
45,7,PL1,500,0.5,15,133.96,-0.7752212389380523,Figure 5 and Sup. Fig. S5,K23:L23
46,10,PL1,500,1.0,1,0.12,4.877669902912621,Figure 5 and Sup. Fig. S5,N9:O9
47,10,PL1,500,1.0,2,0.2,5.008,Figure 5 and Sup. Fig. S5,N10:O10
48,10,PL1,500,1.0,3,0.11,4.259322033898305,Figure 5 and Sup. Fig. S5,N11:O11
49,10,PL1,500,1.0,4,3.24,9.298039215686273,Figure 5 and Sup. Fig. S5,N12:O12
50,10,PL1,500,1.0,5,1.84,9.764,Figure 5 and Sup. Fig. S5,N13:O13
51,10,PL1,500,1.0,6,1.14,9.086238532110091,Figure 5 and Sup. Fig. S5,N14:O14
52,10,PL1,500,1.0,7,14.39,11.960000000000003,Figure 5 and Sup. Fig. S5,N15:O15
53,10,PL1,500,1.0,8,11.34,11.757142857142858,Figure 5 and Sup. Fig. S5,N16:O16
54,10,PL1,500,1.0,9,14.46,11.508256880733947,Figure 5 and Sup. Fig. S5,N17:O17
55,10,PL1,500,1.0,10,35.39,11.610526315789473,Figure 5 and Sup. Fig. S5,N18:O18
56,10,PL1,500,1.0,11,42.95,11.494117647058824,Figure 5 and Sup. Fig. S5,N19:O19
57,10,PL1,500,1.0,12,31.97,12.888888888888888,Figure 5 and Sup. Fig. S5,N20:O20
58,10,PL1,500,1.0,13,90.11,7.309259259259262,Figure 5 and Sup. Fig. S5,N21:O21
59,10,PL1,500,1.0,14,89.68,7.980000000000001,Figure 5 and Sup. Fig. S5,N22:O22
60,10,PL1,500,1.0,15,92.25,6.3271186440678,Figure 5 and Sup. Fig. S5,N23:O23
61,2,PL1,700,0.0,1,20.39,0.8598130841121492,Figure 5 and Sup. Fig. S5,E29:F29
62,2,PL1,700,0.0,2,18.72,1.0810344827586205,Figure 5 and Sup. Fig. S5,E30:F30
63,2,PL1,700,0.0,3,16.97,1.3040650406504064,Figure 5 and Sup. Fig. S5,E31:F31
64,2,PL1,700,0.0,4,43.45,1.1298245614035085,Figure 5 and Sup. Fig. S5,E32:F32
65,2,PL1,700,0.0,5,44.46,1.0647058823529412,Figure 5 and Sup. Fig. S5,E33:F33
66,2,PL1,700,0.0,6,44.4,0.9226890756302525,Figure 5 and Sup. Fig. S5,E34:F34
67,2,PL1,700,0.0,7,76.84,-0.06796116504854535,Figure 5 and Sup. Fig. S5,E35:F35
68,2,PL1,700,0.0,8,71.2,1.0372549019607828,Figure 5 and Sup. Fig. S5,E36:F36
69,2,PL1,700,0.0,9,71.11,0.9118644067796604,Figure 5 and Sup. Fig. S5,E37:F37
70,2,PL1,700,0.0,10,98.68,1.0759999999999992,Figure 5 and Sup. Fig. S5,E38:F38
71,2,PL1,700,0.0,11,99.0,0.954716981132076,Figure 5 and Sup. Fig. S5,E39:F39
72,2,PL1,700,0.0,12,95.32,1.6647619047619064,Figure 5 and Sup. Fig. S5,E40:F40
73,2,PL1,700,0.0,13,129.07,-0.30199999999999816,Figure 5 and Sup. Fig. S5,E41:F41
74,2,PL1,700,0.0,14,134.15,-1.3049504950495057,Figure 5 and Sup. Fig. S5,E42:F42
75,2,PL1,700,0.0,15,133.96,-1.242718446601943,Figure 5 and Sup. Fig. S5,E43:F43
76,5,PL1,700,0.25,1,2.29,4.473584905660378,Figure 5 and Sup. Fig. S5,H29:I29
77,5,PL1,700,0.25,2,2.84,4.369811320754717,Figure 5 and Sup. Fig. S5,H30:I30
78,5,PL1,700,0.25,3,4.77,3.7575221238938057,Figure 5 and Sup. Fig. S5,H31:I31
79,5,PL1,700,0.25,4,20.01,6.209803921568628,Figure 5 and Sup. Fig. S5,H32:I32
80,5,PL1,700,0.25,5,29.27,4.309615384615385,Figure 5 and Sup. Fig. S5,H33:I33
81,5,PL1,700,0.25,6,36.75,2.6424778761061942,Figure 5 and Sup. Fig. S5,H34:I34
82,5,PL1,700,0.25,7,66.62,1.8633663366336626,Figure 5 and Sup. Fig. S5,H35:I35
83,5,PL1,700,0.25,8,61.07,2.9623762376237623,Figure 5 and Sup. Fig. S5,H36:I36
84,5,PL1,700,0.25,9,53.84,3.6983333333333333,Figure 5 and Sup. Fig. S5,H37:I37
85,5,PL1,700,0.25,10,85.57,3.4260000000000015,Figure 5 and Sup. Fig. S5,H38:I38
86,5,PL1,700,0.25,11,87.53,2.783486238532111,Figure 5 and Sup. Fig. S5,H39:I39
87,5,PL1,700,0.25,12,90.58,2.2654205607476645,Figure 5 and Sup. Fig. S5,H40:I40
88,5,PL1,700,0.25,13,114.18,2.7207207207207196,Figure 5 and Sup. Fig. S5,H41:I41
89,5,PL1,700,0.25,14,122.7,1.164601769911504,Figure 5 and Sup. Fig. S5,H42:I42
90,5,PL1,700,0.25,15,121.35,1.5702970297029715,Figure 5 and Sup. Fig. S5,H43:I43
91,8,PL1,700,0.5,1,3.69,4.209433962264151,Figure 5 and Sup. Fig. S5,K29:L29
92,8,PL1,700,0.5,2,4.73,3.5747899159663867,Figure 5 and Sup. Fig. S5,K30:L30
93,8,PL1,700,0.5,3,5.3,3.7981651376146788,Figure 5 and Sup. Fig. S5,K31:L31
94,8,PL1,700,0.5,4,15.83,6.181034482758621,Figure 5 and Sup. Fig. S5,K32:L32
95,8,PL1,700,0.5,5,24.83,4.261904761904762,Figure 5 and Sup. Fig. S5,K33:L33
96,8,PL1,700,0.5,6,22.56,5.49433962264151,Figure 5 and Sup. Fig. S5,K34:L34
97,8,PL1,700,0.5,7,52.04,4.361818181818182,Figure 5 and Sup. Fig. S5,K35:L35
98,8,PL1,700,0.5,8,52.34,4.512380952380952,Figure 5 and Sup. Fig. S5,K36:L36
99,8,PL1,700,0.5,9,55.29,4.066666666666667,Figure 5 and Sup. Fig. S5,K37:L37
100,8,PL1,700,0.5,10,86.14,3.0385321100917437,Figure 5 and Sup. Fig. S5,K38:L38
101,8,PL1,700,0.5,11,83.61,3.6361904761904773,Figure 5 and Sup. Fig. S5,K39:L39
102,8,PL1,700,0.5,12,82.0,3.9807692307692317,Figure 5 and Sup. Fig. S5,K40:L40
103,8,PL1,700,0.5,13,102.63,4.298387096774195,Figure 5 and Sup. Fig. S5,K41:L41
104,8,PL1,700,0.5,14,109.78,3.7142857142857144,Figure 5 and Sup. Fig. S5,K42:L42
105,8,PL1,700,0.5,15,11.69,21.18738738738739,Figure 5 and Sup. Fig. S5,K43:L43
106,11,PL1,700,1.0,1,1.5,4.298245614035087,Figure 5 and Sup. Fig. S5,N29:O29
107,11,PL1,700,1.0,2,0.23,3.995348837209302,Figure 5 and Sup. Fig. S5,N30:O30
108,11,PL1,700,1.0,3,1.35,4.4818181818181815,Figure 5 and Sup. Fig. S5,N31:O31
109,11,PL1,700,1.0,4,13.58,7.257142857142857,Figure 5 and Sup. Fig. S5,N32:O32
110,11,PL1,700,1.0,5,13.72,7.162264150943396,Figure 5 and Sup. Fig. S5,N33:O33
111,11,PL1,700,1.0,6,16.53,6.892156862745098,Figure 5 and Sup. Fig. S5,N34:O34
112,11,PL1,700,1.0,7,40.48,6.583333333333334,Figure 5 and Sup. Fig. S5,N35:O35
113,11,PL1,700,1.0,8,43.15,5.871428571428572,Figure 5 and Sup. Fig. S5,N36:O36
114,11,PL1,700,1.0,9,40.24,6.882692307692308,Figure 5 and Sup. Fig. S5,N37:O37
115,11,PL1,700,1.0,10,62.57,7.8686274509803935,Figure 5 and Sup. Fig. S5,N38:O38
116,11,PL1,700,1.0,11,61.3,7.666666666666669,Figure 5 and Sup. Fig. S5,N39:O39
117,11,PL1,700,1.0,12,66.05,6.850467289719627,Figure 5 and Sup. Fig. S5,N40:O40
118,11,PL1,700,1.0,13,86.46,7.0196721311475425,Figure 5 and Sup. Fig. S5,N41:O41
119,11,PL1,700,1.0,14,91.37,6.593043478260869,Figure 5 and Sup. Fig. S5,N42:O42
120,11,PL1,700,1.0,15,91.24,7.608000000000001,Figure 5 and Sup. Fig. S5,N43:O43
121,3,PL1,900,0.0,1,16.66,1.354471544715447,Figure 5 and Sup. Fig. S5,E49:F49
122,3,PL1,900,0.0,2,16.76,1.629702970297029,Figure 5 and Sup. Fig. S5,E50:F50
123,3,PL1,900,0.0,3,17.82,1.3788461538461536,Figure 5 and Sup. Fig. S5,E51:F51
124,3,PL1,900,0.0,4,49.05,0.1555555555555562,Figure 5 and Sup. Fig. S5,E52:F52
125,3,PL1,900,0.0,5,46.03,0.7568627450980392,Figure 5 and Sup. Fig. S5,E53:F53
126,3,PL1,900,0.0,6,40.95,1.6867924528301883,Figure 5 and Sup. Fig. S5,E54:F54
127,3,PL1,900,0.0,7,69.74,1.35,Figure 5 and Sup. Fig. S5,E55:F55
128,3,PL1,900,0.0,8,68.12,1.5644859813084093,Figure 5 and Sup. Fig. S5,E56:F56
129,3,PL1,900,0.0,9,66.07,1.7223140495867773,Figure 5 and Sup. Fig. S5,E57:F57
130,3,PL1,900,0.0,10,99.87,0.8057692307692303,Figure 5 and Sup. Fig. S5,E58:F58
131,3,PL1,900,0.0,11,91.41,2.4563106796116516,Figure 5 and Sup. Fig. S5,E59:F59
132,3,PL1,900,0.0,12,95.83,1.6297029702970305,Figure 5 and Sup. Fig. S5,E60:F60
133,3,PL1,900,0.0,13,122.27,1.0271844660194187,Figure 5 and Sup. Fig. S5,E61:F61
134,3,PL1,900,0.0,14,118.82,1.6185185185185202,Figure 5 and Sup. Fig. S5,E62:F62
135,3,PL1,900,0.0,15,129.09,-0.3060000000000002,Figure 5 and Sup. Fig. S5,E63:F63
136,6,PL1,900,0.25,1,20.32,1.081904761904762,Figure 5 and Sup. Fig. S5,H49:I49
137,6,PL1,900,0.25,2,17.97,1.5900990099009902,Figure 5 and Sup. Fig. S5,H50:I50
138,6,PL1,900,0.25,3,19.27,1.3196078431372553,Figure 5 and Sup. Fig. S5,H51:I51
139,6,PL1,900,0.25,4,43.11,1.587037037037037,Figure 5 and Sup. Fig. S5,H52:I52
140,6,PL1,900,0.25,5,45.47,1.182857142857143,Figure 5 and Sup. Fig. S5,H53:I53
141,6,PL1,900,0.25,6,45.4,1.2313725490196081,Figure 5 and Sup. Fig. S5,H54:I54
142,6,PL1,900,0.25,7,66.64,1.6051282051282052,Figure 5 and Sup. Fig. S5,H55:I55
143,6,PL1,900,0.25,8,66.81,1.5896551724137928,Figure 5 and Sup. Fig. S5,H56:I56
144,6,PL1,900,0.25,9,70.48,0.9652173913043474,Figure 5 and Sup. Fig. S5,H57:I57
145,6,PL1,900,0.25,10,95.34,1.4153846153846155,Figure 5 and Sup. Fig. S5,H58:I58
146,6,PL1,900,0.25,11,98.22,0.7929203539823015,Figure 5 and Sup. Fig. S5,H59:I59
147,6,PL1,900,0.25,12,97.22,1.0745098039215695,Figure 5 and Sup. Fig. S5,H60:I60
148,6,PL1,900,0.25,13,121.83,1.354545454545455,Figure 5 and Sup. Fig. S5,H61:I61
149,6,PL1,900,0.25,14,124.37,0.9533980582524266,Figure 5 and Sup. Fig. S5,H62:I62
150,6,PL1,900,0.25,15,121.85,1.4018867924528315,Figure 5 and Sup. Fig. S5,H63:I63
151,9,PL1,900,0.5,1,15.93,1.8851485148514848,Figure 5 and Sup. Fig. S5,K49:L49
152,9,PL1,900,0.5,2,14.89,2.1119999999999997,Figure 5 and Sup. Fig. S5,K50:L50
153,9,PL1,900,0.5,3,12.01,2.488888888888889,Figure 5 and Sup. Fig. S5,K51:L51
154,9,PL1,900,0.5,4,38.11,2.282692307692307,Figure 5 and Sup. Fig. S5,K52:L52
155,9,PL1,900,0.5,5,37.86,2.244444444444444,Figure 5 and Sup. Fig. S5,K53:L53
156,9,PL1,900,0.5,6,36.88,2.3185840707964593,Figure 5 and Sup. Fig. S5,K54:L54
157,9,PL1,900,0.5,7,68.53,1.7461538461538457,Figure 5 and Sup. Fig. S5,K55:L55
158,9,PL1,900,0.5,8,68.39,1.8257425742574254,Figure 5 and Sup. Fig. S5,K56:L56
159,9,PL1,900,0.5,9,64.24,2.5961165048543697,Figure 5 and Sup. Fig. S5,K57:L57
160,9,PL1,900,0.5,10,89.27,2.5619047619047626,Figure 5 and Sup. Fig. S5,K58:L58
161,9,PL1,900,0.5,11,84.03,3.5599999999999996,Figure 5 and Sup. Fig. S5,K59:L59
162,9,PL1,900,0.5,12,85.81,3.2209523809523803,Figure 5 and Sup. Fig. S5,K60:L60
163,9,PL1,900,0.5,13,117.3,1.7943925233644875,Figure 5 and Sup. Fig. S5,K61:L61
164,9,PL1,900,0.5,14,120.2,1.3400000000000005,Figure 5 and Sup. Fig. S5,K62:L62
165,9,PL1,900,0.5,15,117.42,1.7719626168224307,Figure 5 and Sup. Fig. S5,K63:L63
166,12,PL1,900,1.0,1,11.25,2.7314814814814814,Figure 5 and Sup. Fig. S5,N49:O49
167,12,PL1,900,1.0,2,14.12,2.284615384615385,Figure 5 and Sup. Fig. S5,N50:O50
168,12,PL1,900,1.0,3,6.86,3.448648648648649,Figure 5 and Sup. Fig. S5,N51:O51
169,12,PL1,900,1.0,4,31.5,3.4495726495726493,Figure 5 and Sup. Fig. S5,N52:O52
170,12,PL1,900,1.0,5,37.64,2.6490566037735848,Figure 5 and Sup. Fig. S5,N53:O53
171,12,PL1,900,1.0,6,37.29,2.8215686274509806,Figure 5 and Sup. Fig. S5,N54:O54
172,12,PL1,900,1.0,7,60.18,2.9082568807339455,Figure 5 and Sup. Fig. S5,N55:O55
173,12,PL1,900,1.0,8,54.86,3.814414414414415,Figure 5 and Sup. Fig. S5,N56:O56
174,12,PL1,900,1.0,9,58.05,3.3296296296296304,Figure 5 and Sup. Fig. S5,N57:O57
175,12,PL1,900,1.0,10,86.2,3.2038834951456314,Figure 5 and Sup. Fig. S5,N58:O58
176,12,PL1,900,1.0,11,89.26,2.6879999999999997,Figure 5 and Sup. Fig. S5,N59:O59
177,12,PL1,900,1.0,12,83.7,3.1404958677685952,Figure 5 and Sup. Fig. S5,N60:O60
178,12,PL1,900,1.0,13,114.48,2.9306930693069297,Figure 5 and Sup. Fig. S5,N61:O61
179,12,PL1,900,1.0,14,111.84,3.3538461538461535,Figure 5 and Sup. Fig. S5,N62:O62
180,12,PL1,900,1.0,15,109.48,3.384615384615384,Figure 5 and Sup. Fig. S5,N63:O63
181,13,PL3,500,0.0,1,46.43,-4.088888888888889,Figure 5 and Sup. Fig. S5,E69:F69
182,13,PL3,500,0.0,2,47.14,-4.382692307692308,Figure 5 and Sup. Fig. S5,E70:F70
183,13,PL3,500,0.0,3,47.42,-4.479611650485437,Figure 5 and Sup. Fig. S5,E71:F71
184,13,PL3,500,0.0,4,91.96,-8.231775700934579,Figure 5 and Sup. Fig. S5,E72:F72
185,13,PL3,500,0.0,5,87.5,-7.76078431372549,Figure 5 and Sup. Fig. S5,E73:F73
186,13,PL3,500,0.0,6,93.02,-8.351851851851851,Figure 5 and Sup. Fig. S5,E74:F74
187,13,PL3,500,0.0,7,120.37,-9.414000000000001,Figure 5 and Sup. Fig. S5,E75:F75
188,13,PL3,500,0.0,8,126.33,-10.5009900990099,Figure 5 and Sup. Fig. S5,E76:F76
189,13,PL3,500,0.0,9,122.78,-9.162962962962965,Figure 5 and Sup. Fig. S5,E77:F77
190,13,PL3,500,0.0,10,160.1,-10.77758620689655,Figure 5 and Sup. Fig. S5,E78:F78
191,13,PL3,500,0.0,11,148.85,-10.251999999999999,Figure 5 and Sup. Fig. S5,E79:F79
192,13,PL3,500,0.0,12,154.75,-11.431999999999999,Figure 5 and Sup. Fig. S5,E80:F80
193,13,PL3,500,0.0,13,181.33,-11.319230769230773,Figure 5 and Sup. Fig. S5,E81:F81
194,13,PL3,500,0.0,14,181.77,-11.62745098039216,Figure 5 and Sup. Fig. S5,E82:F82
195,13,PL3,500,0.0,15,181.61,-11.483495145631071,Figure 5 and Sup. Fig. S5,E83:F83
196,16,PL3,500,0.25,1,34.57,-1.6803921568627451,Figure 5 and Sup. Fig. S5,H69:I69
197,16,PL3,500,0.25,2,34.77,-1.7029126213592238,Figure 5 and Sup. Fig. S5,H70:I70
198,16,PL3,500,0.25,3,30.27,-0.8539999999999999,Figure 5 and Sup. Fig. S5,H71:I71
199,16,PL3,500,0.25,4,64.41,-2.3794392523364483,Figure 5 and Sup. Fig. S5,H72:I72
200,16,PL3,500,0.25,5,65.63,-2.708737864077669,Figure 5 and Sup. Fig. S5,H73:I73
201,16,PL3,500,0.25,6,66.3,-2.923999999999999,Figure 5 and Sup. Fig. S5,H74:I74
202,16,PL3,500,0.25,7,98.28,-4.405940594059405,Figure 5 and Sup. Fig. S5,H75:I75
203,16,PL3,500,0.25,8,92.93,-3.129629629629631,Figure 5 and Sup. Fig. S5,H76:I76
204,16,PL3,500,0.25,9,100.76,-4.897029702970298,Figure 5 and Sup. Fig. S5,H77:I77
205,16,PL3,500,0.25,10,126.7,-4.571428571428571,Figure 5 and Sup. Fig. S5,H78:I78
206,16,PL3,500,0.25,11,127.19,-4.620754716981131,Figure 5 and Sup. Fig. S5,H79:I79
207,16,PL3,500,0.25,12,116.07,-2.6215686274509786,Figure 5 and Sup. Fig. S5,H80:I80
208,16,PL3,500,0.25,13,157.59,-5.341509433962265,Figure 5 and Sup. Fig. S5,H81:I81
209,16,PL3,500,0.25,14,155.98,-5.085714285714284,Figure 5 and Sup. Fig. S5,H82:I82
210,16,PL3,500,0.25,15,158.24,-5.516190476190478,Figure 5 and Sup. Fig. S5,H83:I83
211,19,PL3,500,0.5,1,12.3,2.5370370370370368,Figure 5 and Sup. Fig. S5,K69:L69
212,19,PL3,500,0.5,2,9.09,2.72741935483871,Figure 5 and Sup. Fig. S5,K70:L70
213,19,PL3,500,0.5,3,17.05,1.6126126126126126,Figure 5 and Sup. Fig. S5,K71:L71
214,19,PL3,500,0.5,4,47.34,0.834615384615384,Figure 5 and Sup. Fig. S5,K72:L72
215,19,PL3,500,0.5,5,37.91,2.3538461538461544,Figure 5 and Sup. Fig. S5,K73:L73
216,19,PL3,500,0.5,6,54.65,-0.5939999999999998,Figure 5 and Sup. Fig. S5,K74:L74
217,19,PL3,500,0.5,7,81.62,-1.0960784313725498,Figure 5 and Sup. Fig. S5,K75:L75
218,19,PL3,500,0.5,8,77.18,-0.19491525423728912,Figure 5 and Sup. Fig. S5,K76:L76
219,19,PL3,500,0.5,9,77.91,-0.3722772277227714,Figure 5 and Sup. Fig. S5,K77:L77
220,19,PL3,500,0.5,10,103.56,-0.15925925925925916,Figure 5 and Sup. Fig. S5,K78:L78
221,19,PL3,500,0.5,11,101.86,0.166336633663367,Figure 5 and Sup. Fig. S5,K79:L79
222,19,PL3,500,0.5,12,107.69,-0.9784313725490187,Figure 5 and Sup. Fig. S5,K80:L80
223,19,PL3,500,0.5,13,134.78,-1.0377358490566038,Figure 5 and Sup. Fig. S5,K81:L81
224,19,PL3,500,0.5,14,135.16,-1.1199999999999992,Figure 5 and Sup. Fig. S5,K82:L82
225,19,PL3,500,0.5,15,142.97,-2.7379999999999995,Figure 5 and Sup. Fig. S5,K83:L83
226,22,PL3,500,1.0,1,0.11,4.750458715596331,Figure 5 and Sup. Fig. S5,N69:O69
227,22,PL3,500,1.0,2,0.36,4.4206896551724135,Figure 5 and Sup. Fig. S5,N70:O70
228,22,PL3,500,1.0,3,0.12,4.837383177570093,Figure 5 and Sup. Fig. S5,N71:O71
229,22,PL3,500,1.0,4,0.13,9.205357142857142,Figure 5 and Sup. Fig. S5,N72:O72
230,22,PL3,500,1.0,5,3.43,9.278846153846153,Figure 5 and Sup. Fig. S5,N73:O73
231,22,PL3,500,1.0,6,0.73,7.437956204379563,Figure 5 and Sup. Fig. S5,N74:O74
232,22,PL3,500,1.0,7,28.43,8.000000000000002,Figure 5 and Sup. Fig. S5,N75:O75
233,22,PL3,500,1.0,8,30.95,8.669230769230769,Figure 5 and Sup. Fig. S5,N76:O76
234,22,PL3,500,1.0,9,32.55,7.977981651376148,Figure 5 and Sup. Fig. S5,N77:O77
235,22,PL3,500,1.0,10,66.02,7.053846153846155,Figure 5 and Sup. Fig. S5,N78:O78
236,22,PL3,500,1.0,11,68.13,6.343119266055047,Figure 5 and Sup. Fig. S5,N79:O79
237,22,PL3,500,1.0,12,59.21,8.205660377358491,Figure 5 and Sup. Fig. S5,N80:O80
238,22,PL3,500,1.0,13,80.2,8.535652173913043,Figure 5 and Sup. Fig. S5,N81:O81
239,22,PL3,500,1.0,14,96.07,6.44854368932039,Figure 5 and Sup. Fig. S5,N82:O82
240,22,PL3,500,1.0,15,95.49,6.691089108910893,Figure 5 and Sup. Fig. S5,N83:O83
241,14,PL3,700,0.0,1,22.74,0.4455445544554455,Figure 5 and Sup. Fig. S5,E89:F89
242,14,PL3,700,0.0,2,25.1,-0.019469026548673093,Figure 5 and Sup. Fig. S5,E90:F90
243,14,PL3,700,0.0,3,21.97,0.5252173913043477,Figure 5 and Sup. Fig. S5,E91:F91
244,14,PL3,700,0.0,4,54.6,-0.7536000000000002,Figure 5 and Sup. Fig. S5,E92:F92
245,14,PL3,700,0.0,5,58.46,-1.3184615384615384,Figure 5 and Sup. Fig. S5,E93:F93
246,14,PL3,700,0.0,6,51.09,-0.22429906542056127,Figure 5 and Sup. Fig. S5,E94:F94
247,14,PL3,700,0.0,7,87.34,-1.9203539823008864,Figure 5 and Sup. Fig. S5,E95:F95
248,14,PL3,700,0.0,8,91.18,-2.7716981132075493,Figure 5 and Sup. Fig. S5,E96:F96
249,14,PL3,700,0.0,9,83.5,-1.3102803738317768,Figure 5 and Sup. Fig. S5,E97:F97
250,14,PL3,700,0.0,10,111.39,-1.4372549019607843,Figure 5 and Sup. Fig. S5,E98:F98
251,14,PL3,700,0.0,11,127.12,-4.154954954954955,Figure 5 and Sup. Fig. S5,E99:F99
252,14,PL3,700,0.0,12,122.11,-3.0854700854700847,Figure 5 and Sup. Fig. S5,E100:F100
253,14,PL3,700,0.0,13,158.57,-5.963461538461537,Figure 5 and Sup. Fig. S5,E101:F101
254,14,PL3,700,0.0,14,151.53,-3.8661290322580646,Figure 5 and Sup. Fig. S5,E102:F102
255,14,PL3,700,0.0,15,150.61,-4.043859649122809,Figure 5 and Sup. Fig. S5,E103:F103
256,17,PL3,700,0.25,1,13.3,2.5742574257425743,Figure 5 and Sup. Fig. S5,H89:I89
257,17,PL3,700,0.25,2,14.58,2.111711711711712,Figure 5 and Sup. Fig. S5,H90:I90
258,17,PL3,700,0.25,3,12.02,2.644444444444445,Figure 5 and Sup. Fig. S5,H91:I91
259,17,PL3,700,0.25,4,46.54,0.9607476635514021,Figure 5 and Sup. Fig. S5,H92:I92
260,17,PL3,700,0.25,5,46.23,0.9909090909090914,Figure 5 and Sup. Fig. S5,H93:I93
261,17,PL3,700,0.25,6,45.33,1.2330097087378644,Figure 5 and Sup. Fig. S5,H94:I94
262,17,PL3,700,0.25,7,70.48,1.1508474576271173,Figure 5 and Sup. Fig. S5,H95:I95
263,17,PL3,700,0.25,8,74.92,0.4476190476190466,Figure 5 and Sup. Fig. S5,H96:I96
264,17,PL3,700,0.25,9,74.05,0.5749999999999998,Figure 5 and Sup. Fig. S5,H97:I97
265,17,PL3,700,0.25,10,101.54,0.33035714285714185,Figure 5 and Sup. Fig. S5,H98:I98
266,17,PL3,700,0.25,11,104.05,-0.11999999999999938,Figure 5 and Sup. Fig. S5,H99:I99
267,17,PL3,700,0.25,12,105.0,-0.31568627450980385,Figure 5 and Sup. Fig. S5,H100:I100
268,17,PL3,700,0.25,13,129.36,0.45436893203883016,Figure 5 and Sup. Fig. S5,H101:I101
269,17,PL3,700,0.25,14,130.1,0.2962962962962953,Figure 5 and Sup. Fig. S5,H102:I102
270,17,PL3,700,0.25,15,132.91,-0.19360000000000127,Figure 5 and Sup. Fig. S5,H103:I103
271,20,PL3,700,0.5,1,8.4,3.2545454545454544,Figure 5 and Sup. Fig. S5,K89:L89
272,20,PL3,700,0.5,2,5.36,3.461157024793389,Figure 5 and Sup. Fig. S5,K90:L90
273,20,PL3,700,0.5,3,8.03,3.1500000000000004,Figure 5 and Sup. Fig. S5,K91:L91
274,20,PL3,700,0.5,4,31.62,3.714814814814815,Figure 5 and Sup. Fig. S5,K92:L92
275,20,PL3,700,0.5,5,33.07,3.0260162601626015,Figure 5 and Sup. Fig. S5,K93:L93
276,20,PL3,700,0.5,6,36.04,2.9509433962264153,Figure 5 and Sup. Fig. S5,K94:L94
277,20,PL3,700,0.5,7,70.22,1.3557692307692304,Figure 5 and Sup. Fig. S5,K95:L95
278,20,PL3,700,0.5,8,65.85,2.154716981132076,Figure 5 and Sup. Fig. S5,K96:L96
279,20,PL3,700,0.5,9,64.48,1.9829457364341074,Figure 5 and Sup. Fig. S5,K97:L97
280,20,PL3,700,0.5,10,97.54,1.0934579439252325,Figure 5 and Sup. Fig. S5,K98:L98
281,20,PL3,700,0.5,11,93.22,2.013861386138614,Figure 5 and Sup. Fig. S5,K99:L99
282,20,PL3,700,0.5,12,97.49,1.1683168316831694,Figure 5 and Sup. Fig. S5,K100:L100
283,20,PL3,700,0.5,13,128.49,0.6233009708737824,Figure 5 and Sup. Fig. S5,K101:L101
284,20,PL3,700,0.5,14,126.27,1.0859999999999985,Figure 5 and Sup. Fig. S5,K102:L102
285,20,PL3,700,0.5,15,119.87,2.3425742574257393,Figure 5 and Sup. Fig. S5,K103:L103
286,23,PL3,700,1.0,1,0.33,4.477586206896552,Figure 5 and Sup. Fig. S5,N89:O89
287,23,PL3,700,1.0,2,0.0,4.91588785046729,Figure 5 and Sup. Fig. S5,N90:O90
288,23,PL3,700,1.0,3,0.0,5.1568627450980395,Figure 5 and Sup. Fig. S5,N91:O91
289,23,PL3,700,1.0,4,6.14,7.171653543307087,Figure 5 and Sup. Fig. S5,N92:O92
290,23,PL3,700,1.0,5,13.63,6.560344827586206,Figure 5 and Sup. Fig. S5,N93:O93
291,23,PL3,700,1.0,6,20.73,5.115702479338843,Figure 5 and Sup. Fig. S5,N94:O94
292,23,PL3,700,1.0,7,30.65,7.835294117647059,Figure 5 and Sup. Fig. S5,N95:O95
293,23,PL3,700,1.0,8,37.87,6.15625,Figure 5 and Sup. Fig. S5,N96:O96
294,23,PL3,700,1.0,9,56.83,4.047524752475247,Figure 5 and Sup. Fig. S5,N97:O97
295,23,PL3,700,1.0,10,75.57,5.564000000000001,Figure 5 and Sup. Fig. S5,N98:O98
296,23,PL3,700,1.0,11,73.04,5.726415094339622,Figure 5 and Sup. Fig. S5,N99:O99
297,23,PL3,700,1.0,12,60.56,7.648214285714285,Figure 5 and Sup. Fig. S5,N100:O100
298,23,PL3,700,1.0,13,67.14,11.845871559633025,Figure 5 and Sup. Fig. S5,N101:O101
299,23,PL3,700,1.0,14,97.74,6.724752475247524,Figure 5 and Sup. Fig. S5,N102:O102
300,23,PL3,700,1.0,15,69.91,11.133333333333331,Figure 5 and Sup. Fig. S5,N103:O103
301,15,PL3,900,0.0,1,29.92,-0.9301886792452836,Figure 5 and Sup. Fig. S5,E109:F109
302,15,PL3,900,0.0,2,28.27,-0.613084112149533,Figure 5 and Sup. Fig. S5,E110:F110
303,15,PL3,900,0.0,3,25.47,-0.09504950495049513,Figure 5 and Sup. Fig. S5,E111:F111
304,15,PL3,900,0.0,4,54.33,-0.7858407079646014,Figure 5 and Sup. Fig. S5,E112:F112
305,15,PL3,900,0.0,5,55.74,-1.1037735849056607,Figure 5 and Sup. Fig. S5,E113:F113
306,15,PL3,900,0.0,6,46.94,0.5784313725490202,Figure 5 and Sup. Fig. S5,E114:F114
307,15,PL3,900,0.0,7,80.68,-0.8135922330097111,Figure 5 and Sup. Fig. S5,E115:F115
308,15,PL3,900,0.0,8,86.92,-2.0653465346534667,Figure 5 and Sup. Fig. S5,E116:F116
309,15,PL3,900,0.0,9,95.3,-3.582857142857143,Figure 5 and Sup. Fig. S5,E117:F117
310,15,PL3,900,0.0,10,109.36,-0.9298245614035082,Figure 5 and Sup. Fig. S5,E118:F118
311,15,PL3,900,0.0,11,117.2,-2.4333333333333336,Figure 5 and Sup. Fig. S5,E119:F119
312,15,PL3,900,0.0,12,130.43,-5.170588235294119,Figure 5 and Sup. Fig. S5,E120:F120
313,15,PL3,900,0.0,13,159.54,-5.762162162162161,Figure 5 and Sup. Fig. S5,E121:F121
314,15,PL3,900,0.0,14,157.62,-5.7807692307692315,Figure 5 and Sup. Fig. S5,E122:F122
315,15,PL3,900,0.0,15,154.35,-4.827027027027025,Figure 5 and Sup. Fig. S5,E123:F123
316,18,PL3,900,0.25,1,0.0,4.892592592592593,Figure 5 and Sup. Fig. S5,H109:I109
317,18,PL3,900,0.25,2,1.96,4.145762711864407,Figure 5 and Sup. Fig. S5,H110:I110
318,18,PL3,900,0.25,3,6.21,3.514782608695652,Figure 5 and Sup. Fig. S5,H111:I111
319,18,PL3,900,0.25,4,29.38,4.140869565217391,Figure 5 and Sup. Fig. S5,H112:I112
320,18,PL3,900,0.25,5,37.2,3.016981132075471,Figure 5 and Sup. Fig. S5,H113:I113
321,18,PL3,900,0.25,6,26.0,4.988990825688073,Figure 5 and Sup. Fig. S5,H114:I114
322,18,PL3,900,0.25,7,58.22,3.405263157894736,Figure 5 and Sup. Fig. S5,H115:I115
323,18,PL3,900,0.25,8,67.24,2.078,Figure 5 and Sup. Fig. S5,H116:I116
324,18,PL3,900,0.25,9,67.49,2.007920792079208,Figure 5 and Sup. Fig. S5,H117:I117
325,18,PL3,900,0.25,10,88.56,2.555555555555555,Figure 5 and Sup. Fig. S5,H118:I118
326,18,PL3,900,0.25,11,88.22,3.1922330097087377,Figure 5 and Sup. Fig. S5,H119:I119
327,18,PL3,900,0.25,12,75.7,5.362962962962962,Figure 5 and Sup. Fig. S5,H120:I120
328,18,PL3,900,0.25,13,113.06,3.408333333333332,Figure 5 and Sup. Fig. S5,H121:I121
329,18,PL3,900,0.25,14,122.4,2.001801801801799,Figure 5 and Sup. Fig. S5,H122:I122
330,18,PL3,900,0.25,15,119.49,2.776237623762375,Figure 5 and Sup. Fig. S5,H123:I123
331,21,PL3,900,0.5,1,5.32,4.178217821782178,Figure 5 and Sup. Fig. S5,K109:L109
332,21,PL3,900,0.5,2,0.8,4.7887850467289725,Figure 5 and Sup. Fig. S5,K110:L110
333,21,PL3,900,0.5,3,0.27,5.127450980392157,Figure 5 and Sup. Fig. S5,K111:L111
334,21,PL3,900,0.5,4,14.63,6.59145299145299,Figure 5 and Sup. Fig. S5,K112:L112
335,21,PL3,900,0.5,5,22.56,5.890384615384616,Figure 5 and Sup. Fig. S5,K113:L113
336,21,PL3,900,0.5,6,20.08,6.556435643564356,Figure 5 and Sup. Fig. S5,K114:L114
337,21,PL3,900,0.5,7,45.63,6.399999999999999,Figure 5 and Sup. Fig. S5,K115:L115
338,21,PL3,900,0.5,8,42.37,6.982178217821781,Figure 5 and Sup. Fig. S5,K116:L116
339,21,PL3,900,0.5,9,43.38,6.462264150943395,Figure 5 and Sup. Fig. S5,K117:L117
340,21,PL3,900,0.5,10,81.17,4.697999999999999,Figure 5 and Sup. Fig. S5,K118:L118
341,21,PL3,900,0.5,11,69.28,6.551851851851851,Figure 5 and Sup. Fig. S5,K119:L119
342,21,PL3,900,0.5,12,72.77,6.074285714285715,Figure 5 and Sup. Fig. S5,K120:L120
343,21,PL3,900,0.5,13,100.77,6.419607843137254,Figure 5 and Sup. Fig. S5,K121:L121
344,21,PL3,900,0.5,14,82.99,10.104,Figure 5 and Sup. Fig. S5,K122:L122
345,21,PL3,900,0.5,15,92.79,6.8436974789915945,Figure 5 and Sup. Fig. S5,K123:L123
346,24,PL3,900,1.0,1,7.08,3.6490566037735856,Figure 5 and Sup. Fig. S5,N109:O109
347,24,PL3,900,1.0,2,2.36,3.8496000000000006,Figure 5 and Sup. Fig. S5,N110:O110
348,24,PL3,900,1.0,3,1.18,4.998019801980198,Figure 5 and Sup. Fig. S5,N111:O111
349,24,PL3,900,1.0,4,25.86,5.465999999999999,Figure 5 and Sup. Fig. S5,N112:O112
350,24,PL3,900,1.0,5,18.15,6.257142857142857,Figure 5 and Sup. Fig. S5,N113:O113
351,24,PL3,900,1.0,6,22.54,5.473214285714286,Figure 5 and Sup. Fig. S5,N114:O114
352,24,PL3,900,1.0,7,49.13,5.327102803738317,Figure 5 and Sup. Fig. S5,N115:O115
353,24,PL3,900,1.0,8,37.36,7.3218181818181804,Figure 5 and Sup. Fig. S5,N116:O116
354,24,PL3,900,1.0,9,40.7,7.2411764705882335,Figure 5 and Sup. Fig. S5,N117:O117
355,24,PL3,900,1.0,10,56.6,8.738181818181818,Figure 5 and Sup. Fig. S5,N118:O118
356,24,PL3,900,1.0,11,36.65,13.467326732673264,Figure 5 and Sup. Fig. S5,N119:O119
357,24,PL3,900,1.0,12,53.65,9.809615384615386,Figure 5 and Sup. Fig. S5,N120:O120
358,24,PL3,900,1.0,13,67.08,11.553043478260868,Figure 5 and Sup. Fig. S5,N121:O121
359,24,PL3,900,1.0,14,71.67,12.245544554455444,Figure 5 and Sup. Fig. S5,N122:O122
360,24,PL3,900,1.0,15,83.4,9.92277227722772,Figure 5 and Sup. Fig. S5,N123:O123
361,25,PL7,500,0.0,1,40.86,-2.798305084745763,Figure 5 and Sup. Fig. S5,E129:F129
362,25,PL7,500,0.0,2,40.77,-3.127619047619048,Figure 5 and Sup. Fig. S5,E130:F130
363,25,PL7,500,0.0,3,42.44,-3.6179999999999994,Figure 5 and Sup. Fig. S5,E131:F131
364,25,PL7,500,0.0,4,81.16,-5.78086956521739,Figure 5 and Sup. Fig. S5,E132:F132
365,25,PL7,500,0.0,5,80.87,-5.936936936936937,Figure 5 and Sup. Fig. S5,E133:F133
366,25,PL7,500,0.0,6,82.51,-6.405555555555557,Figure 5 and Sup. Fig. S5,E134:F134
367,25,PL7,500,0.0,7,119.33,-8.146902654867256,Figure 5 and Sup. Fig. S5,E135:F135
368,25,PL7,500,0.0,8,118.93,-8.860194174757284,Figure 5 and Sup. Fig. S5,E136:F136
369,25,PL7,500,0.0,9,118.92,-8.074336283185842,Figure 5 and Sup. Fig. S5,E137:F137
370,25,PL7,500,0.0,10,149.49,-9.522935779816514,Figure 5 and Sup. Fig. S5,E138:F138
371,25,PL7,500,0.0,11,151.39,-8.892561983471072,Figure 5 and Sup. Fig. S5,E139:F139
372,25,PL7,500,0.0,12,154.56,-9.738461538461538,Figure 5 and Sup. Fig. S5,E140:F140
373,25,PL7,500,0.0,13,179.79,-11.463999999999999,Figure 5 and Sup. Fig. S5,E141:F141
374,25,PL7,500,0.0,14,174.65,-8.624793388429753,Figure 5 and Sup. Fig. S5,E142:F142
375,25,PL7,500,0.0,15,179.23,-9.620338983050846,Figure 5 and Sup. Fig. S5,E143:F143
376,28,PL7,500,0.25,1,35.32,-1.727118644067797,Figure 5 and Sup. Fig. S5,H129:I129
377,28,PL7,500,0.25,2,34.01,-1.7242718446601941,Figure 5 and Sup. Fig. S5,H130:I130
378,28,PL7,500,0.25,3,30.02,-0.8972477064220185,Figure 5 and Sup. Fig. S5,H131:I131
379,28,PL7,500,0.25,4,68.59,-3.6266666666666683,Figure 5 and Sup. Fig. S5,H132:I132
380,28,PL7,500,0.25,5,72.84,-4.312962962962964,Figure 5 and Sup. Fig. S5,H133:I133
381,28,PL7,500,0.25,6,64.3,-2.5652173913043477,Figure 5 and Sup. Fig. S5,H134:I134
382,28,PL7,500,0.25,7,97.64,-3.5869918699186996,Figure 5 and Sup. Fig. S5,H135:I135
383,28,PL7,500,0.25,8,96.66,-4.215999999999999,Figure 5 and Sup. Fig. S5,H136:I136
384,28,PL7,500,0.25,9,94.56,-3.036800000000001,Figure 5 and Sup. Fig. S5,H137:I137
385,28,PL7,500,0.25,10,127.67,-4.22950819672131,Figure 5 and Sup. Fig. S5,H138:I138
386,28,PL7,500,0.25,11,124.6,-4.413592233009707,Figure 5 and Sup. Fig. S5,H139:I139
387,28,PL7,500,0.25,12,128.87,-5.294117647058824,Figure 5 and Sup. Fig. S5,H140:I140
388,28,PL7,500,0.25,13,154.93,-6.214000000000001,Figure 5 and Sup. Fig. S5,H141:I141
389,28,PL7,500,0.25,14,159.1,-5.824793388429751,Figure 5 and Sup. Fig. S5,H142:I142
390,28,PL7,500,0.25,15,158.06,-6.640776699029127,Figure 5 and Sup. Fig. S5,H143:I143
391,31,PL7,500,0.5,1,22.41,0.4771929824561401,Figure 5 and Sup. Fig. S5,K129:L129
392,31,PL7,500,0.5,2,17.5,1.4261682242990654,Figure 5 and Sup. Fig. S5,K130:L130
393,31,PL7,500,0.5,3,21.49,0.7280000000000001,Figure 5 and Sup. Fig. S5,K131:L131
394,31,PL7,500,0.5,4,43.73,1.0486486486486486,Figure 5 and Sup. Fig. S5,K132:L132
395,31,PL7,500,0.5,5,36.94,2.1741379310344824,Figure 5 and Sup. Fig. S5,K133:L133
396,31,PL7,500,0.5,6,51.24,-0.32815533980582623,Figure 5 and Sup. Fig. S5,K134:L134
397,31,PL7,500,0.5,7,85.7,-1.791150442477877,Figure 5 and Sup. Fig. S5,K135:L135
398,31,PL7,500,0.5,8,77.79,-0.38771929824561546,Figure 5 and Sup. Fig. S5,K136:L136
399,31,PL7,500,0.5,9,81.39,-1.1392156862745104,Figure 5 and Sup. Fig. S5,K137:L137
400,31,PL7,500,0.5,10,100.78,0.184745762711865,Figure 5 and Sup. Fig. S5,K138:L138
401,31,PL7,500,0.5,11,101.43,0.08224299065420519,Figure 5 and Sup. Fig. S5,K139:L139
402,31,PL7,500,0.5,12,110.88,-1.766666666666665,Figure 5 and Sup. Fig. S5,K140:L140
403,31,PL7,500,0.5,13,134.43,-1.8707964601769924,Figure 5 and Sup. Fig. S5,K141:L141
404,31,PL7,500,0.5,14,140.47,-3.1339622641509433,Figure 5 and Sup. Fig. S5,K142:L142
405,31,PL7,500,0.5,15,136.85,-2.278947368421052,Figure 5 and Sup. Fig. S5,K143:L143
406,34,PL7,500,1.0,1,0.29,4.557798165137615,Figure 5 and Sup. Fig. S5,N129:O129
407,34,PL7,500,1.0,2,0.49,4.521100917431193,Figure 5 and Sup. Fig. S5,N130:O130
408,34,PL7,500,1.0,3,0.55,4.594392523364486,Figure 5 and Sup. Fig. S5,N131:O131
409,34,PL7,500,1.0,4,14.42,6.69142857142857,Figure 5 and Sup. Fig. S5,N132:O132
410,34,PL7,500,1.0,5,14.97,6.463551401869159,Figure 5 and Sup. Fig. S5,N133:O133
411,34,PL7,500,1.0,6,22.1,5.435643564356434,Figure 5 and Sup. Fig. S5,N134:O134
412,34,PL7,500,1.0,7,38.0,7.090566037735849,Figure 5 and Sup. Fig. S5,N135:O135
413,34,PL7,500,1.0,8,30.21,7.377235772357723,Figure 5 and Sup. Fig. S5,N136:O136
414,34,PL7,500,1.0,9,44.76,5.313793103448276,Figure 5 and Sup. Fig. S5,N137:O137
415,34,PL7,500,1.0,10,70.84,6.206,Figure 5 and Sup. Fig. S5,N138:O138
416,34,PL7,500,1.0,11,83.13,3.5358490566037752,Figure 5 and Sup. Fig. S5,N139:O139
417,34,PL7,500,1.0,12,86.92,2.960396039603961,Figure 5 and Sup. Fig. S5,N140:O140
418,34,PL7,500,1.0,13,87.6,7.18019801980198,Figure 5 and Sup. Fig. S5,N141:O141
419,34,PL7,500,1.0,14,97.74,4.5426086956521745,Figure 5 and Sup. Fig. S5,N142:O142
420,34,PL7,500,1.0,15,86.7,6.2983050847457624,Figure 5 and Sup. Fig. S5,N143:O143
421,26,PL7,700,0.0,1,21.72,0.6228571428571428,Figure 5 and Sup. Fig. S5,E149:F149
422,26,PL7,700,0.0,2,23.36,0.31047619047619035,Figure 5 and Sup. Fig. S5,E150:F150
423,26,PL7,700,0.0,3,17.35,1.4148148148148143,Figure 5 and Sup. Fig. S5,E151:F151
424,26,PL7,700,0.0,4,50.12,-0.043396226415093754,Figure 5 and Sup. Fig. S5,E152:F152
425,26,PL7,700,0.0,5,48.85,0.19999999999999984,Figure 5 and Sup. Fig. S5,E153:F153
426,26,PL7,700,0.0,6,49.42,0.09399999999999978,Figure 5 and Sup. Fig. S5,E154:F154
427,26,PL7,700,0.0,7,79.65,-0.5851851851851871,Figure 5 and Sup. Fig. S5,E155:F155
428,26,PL7,700,0.0,8,78.26,-0.34038461538461734,Figure 5 and Sup. Fig. S5,E156:F156
429,26,PL7,700,0.0,9,72.1,0.7440677966101696,Figure 5 and Sup. Fig. S5,E157:F157
430,26,PL7,700,0.0,10,107.46,-0.5964912280701739,Figure 5 and Sup. Fig. S5,E158:F158
431,26,PL7,700,0.0,11,116.44,-2.292592592592592,Figure 5 and Sup. Fig. S5,E159:F159
432,26,PL7,700,0.0,12,114.19,-2.005940594059405,Figure 5 and Sup. Fig. S5,E160:F160
433,26,PL7,700,0.0,13,140.55,-2.428037383177572,Figure 5 and Sup. Fig. S5,E161:F161
434,26,PL7,700,0.0,14,138.68,-1.8081300813008139,Figure 5 and Sup. Fig. S5,E162:F162
435,26,PL7,700,0.0,15,137.77,-1.9825242718446618,Figure 5 and Sup. Fig. S5,E163:F163
436,29,PL7,700,0.25,1,7.7,3.486,Figure 5 and Sup. Fig. S5,H149:I149
437,29,PL7,700,0.25,2,9.9,2.744144144144144,Figure 5 and Sup. Fig. S5,H150:I150
438,29,PL7,700,0.25,3,2.05,4.084955752212389,Figure 5 and Sup. Fig. S5,H151:I151
439,29,PL7,700,0.25,4,36.84,2.3109090909090897,Figure 5 and Sup. Fig. S5,H152:I152
440,29,PL7,700,0.25,5,42.85,1.0634920634920628,Figure 5 and Sup. Fig. S5,H153:I153
441,29,PL7,700,0.25,6,36.43,2.301754385964912,Figure 5 and Sup. Fig. S5,H154:I154
442,29,PL7,700,0.25,7,66.1,1.7236363636363643,Figure 5 and Sup. Fig. S5,H155:I155
443,29,PL7,700,0.25,8,66.79,1.6584905660377345,Figure 5 and Sup. Fig. S5,H156:I156
444,29,PL7,700,0.25,9,66.78,1.7254901960784308,Figure 5 and Sup. Fig. S5,H157:I157
445,29,PL7,700,0.25,10,100.68,0.23106796116504813,Figure 5 and Sup. Fig. S5,H158:I158
446,29,PL7,700,0.25,11,104.25,-0.4576923076923069,Figure 5 and Sup. Fig. S5,H159:I159
447,29,PL7,700,0.25,12,101.76,0.020560747663551298,Figure 5 and Sup. Fig. S5,H160:I160
448,29,PL7,700,0.25,13,133.54,-1.7761467889908245,Figure 5 and Sup. Fig. S5,H161:I161
449,29,PL7,700,0.25,14,129.62,-1.0194690265486734,Figure 5 and Sup. Fig. S5,H162:I162
450,29,PL7,700,0.25,15,133.58,-1.851428571428574,Figure 5 and Sup. Fig. S5,H163:I163
451,32,PL7,700,0.5,1,1.12,4.2875,Figure 5 and Sup. Fig. S5,K149:L149
452,32,PL7,700,0.5,2,0.96,4.316071428571428,Figure 5 and Sup. Fig. S5,K150:L150
453,32,PL7,700,0.5,3,6.16,3.683495145631068,Figure 5 and Sup. Fig. S5,K151:L151
454,32,PL7,700,0.5,4,28.12,4.243564356435643,Figure 5 and Sup. Fig. S5,K152:L152
455,32,PL7,700,0.5,5,26.09,4.15221238938053,Figure 5 and Sup. Fig. S5,K153:L153
456,32,PL7,700,0.5,6,28.79,4.070588235294117,Figure 5 and Sup. Fig. S5,K154:L154
457,32,PL7,700,0.5,7,56.01,3.590825688073395,Figure 5 and Sup. Fig. S5,K155:L155
458,32,PL7,700,0.5,8,54.37,3.3140625,Figure 5 and Sup. Fig. S5,K156:L156
459,32,PL7,700,0.5,9,58.13,3.1441441441441436,Figure 5 and Sup. Fig. S5,K157:L157
460,32,PL7,700,0.5,10,88.11,2.47927927927928,Figure 5 and Sup. Fig. S5,K158:L158
461,32,PL7,700,0.5,11,88.12,2.522935779816514,Figure 5 and Sup. Fig. S5,K159:L159
462,32,PL7,700,0.5,12,86.02,2.577235772357725,Figure 5 and Sup. Fig. S5,K160:L160
463,32,PL7,700,0.5,13,109.84,2.2253968253968246,Figure 5 and Sup. Fig. S5,K161:L161
464,32,PL7,700,0.5,14,112.73,1.6248175182481743,Figure 5 and Sup. Fig. S5,K162:L162
465,32,PL7,700,0.5,15,116.81,1.4099999999999995,Figure 5 and Sup. Fig. S5,K163:L163
466,35,PL7,700,1.0,1,0.5,4.561111111111111,Figure 5 and Sup. Fig. S5,N149:O149
467,35,PL7,700,1.0,2,0.48,4.740384615384616,Figure 5 and Sup. Fig. S5,N150:O150
468,35,PL7,700,1.0,3,0.49,4.562962962962963,Figure 5 and Sup. Fig. S5,N151:O151
469,35,PL7,700,1.0,4,14.73,6.273873873873873,Figure 5 and Sup. Fig. S5,N152:O152
470,35,PL7,700,1.0,5,16.33,5.3152,Figure 5 and Sup. Fig. S5,N153:O153
471,35,PL7,700,1.0,6,16.95,6.209523809523809,Figure 5 and Sup. Fig. S5,N154:O154
472,35,PL7,700,1.0,7,39.91,6.2034782608695656,Figure 5 and Sup. Fig. S5,N155:O155
473,35,PL7,700,1.0,8,41.37,6.578846153846154,Figure 5 and Sup. Fig. S5,N156:O156
474,35,PL7,700,1.0,9,50.77,4.912871287128712,Figure 5 and Sup. Fig. S5,N157:O157
475,35,PL7,700,1.0,10,72.79,5.592307692307693,Figure 5 and Sup. Fig. S5,N158:O158
476,35,PL7,700,1.0,11,76.47,4.932038834951458,Figure 5 and Sup. Fig. S5,N159:O159
477,35,PL7,700,1.0,12,75.97,4.841121495327104,Figure 5 and Sup. Fig. S5,N160:O160
478,35,PL7,700,1.0,13,114.7,1.4655999999999996,Figure 5 and Sup. Fig. S5,N161:O161
479,35,PL7,700,1.0,14,105.43,3.6859999999999986,Figure 5 and Sup. Fig. S5,N162:O162
480,35,PL7,700,1.0,15,95.05,4.684552845528455,Figure 5 and Sup. Fig. S5,N163:O163
481,27,PL7,900,0.0,1,10.34,2.6186915887850475,Figure 5 and Sup. Fig. S5,E169:F169
482,27,PL7,900,0.0,2,17.22,1.3452830188679252,Figure 5 and Sup. Fig. S5,E170:F170
483,27,PL7,900,0.0,3,10.86,2.59423076923077,Figure 5 and Sup. Fig. S5,E171:F171
484,27,PL7,900,0.0,4,43.33,0.9089108910891096,Figure 5 and Sup. Fig. S5,E172:F172
485,27,PL7,900,0.0,5,40.56,1.3504587155963304,Figure 5 and Sup. Fig. S5,E173:F173
486,27,PL7,900,0.0,6,40.95,1.3150943396226413,Figure 5 and Sup. Fig. S5,E174:F174
487,27,PL7,900,0.0,7,63.86,1.670796460176991,Figure 5 and Sup. Fig. S5,E175:F175
488,27,PL7,900,0.0,8,67.11,1.2019417475728151,Figure 5 and Sup. Fig. S5,E176:F176
489,27,PL7,900,0.0,9,78.26,-0.9358490566037752,Figure 5 and Sup. Fig. S5,E177:F177
490,27,PL7,900,0.0,10,101.07,-0.6159292035398213,Figure 5 and Sup. Fig. S5,E178:F178
491,27,PL7,900,0.0,11,104.79,-1.3211009174311934,Figure 5 and Sup. Fig. S5,E179:F179
492,27,PL7,900,0.0,12,103.95,-1.1887850467289718,Figure 5 and Sup. Fig. S5,E180:F180
493,27,PL7,900,0.0,13,132.26,-1.732743362831857,Figure 5 and Sup. Fig. S5,E181:F181
494,27,PL7,900,0.0,14,126.1,-0.6722222222222214,Figure 5 and Sup. Fig. S5,E182:F182
495,27,PL7,900,0.0,15,126.37,-0.742857142857144,Figure 5 and Sup. Fig. S5,E183:F183
496,30,PL7,900,0.25,1,15.01,2.2019230769230775,Figure 5 and Sup. Fig. S5,H169:I169
497,30,PL7,900,0.25,2,13.44,2.0503937007874016,Figure 5 and Sup. Fig. S5,H170:I170
498,30,PL7,900,0.25,3,15.67,1.8288135593220343,Figure 5 and Sup. Fig. S5,H171:I171
499,30,PL7,900,0.25,4,46.8,1.0175438596491235,Figure 5 and Sup. Fig. S5,H172:I172
500,30,PL7,900,0.25,5,46.38,0.979527559055118,Figure 5 and Sup. Fig. S5,H173:I173
501,30,PL7,900,0.25,6,43.49,1.7188679245283018,Figure 5 and Sup. Fig. S5,H174:I174
502,30,PL7,900,0.25,7,72.92,0.9828571428571422,Figure 5 and Sup. Fig. S5,H175:I175
503,30,PL7,900,0.25,8,72.41,1.021621621621622,Figure 5 and Sup. Fig. S5,H176:I176
504,30,PL7,900,0.25,9,74.17,0.6462809917355367,Figure 5 and Sup. Fig. S5,H177:I177
505,30,PL7,900,0.25,10,94.23,2.8333333333333326,Figure 5 and Sup. Fig. S5,H178:I178
506,30,PL7,900,0.25,11,104.57,0.8778761061946917,Figure 5 and Sup. Fig. S5,H179:I179
507,30,PL7,900,0.25,12,105.81,0.6642857142857141,Figure 5 and Sup. Fig. S5,H180:I180
508,30,PL7,900,0.25,13,133.99,0.3982456140350845,Figure 5 and Sup. Fig. S5,H181:I181
509,30,PL7,900,0.25,14,132.74,0.6458715596330242,Figure 5 and Sup. Fig. S5,H182:I182
510,30,PL7,900,0.25,15,124.5,2.0452173913043463,Figure 5 and Sup. Fig. S5,H183:I183
511,33,PL7,900,0.5,1,15.23,2.2019607843137257,Figure 5 and Sup. Fig. S5,K169:L169
512,33,PL7,900,0.5,2,13.0,2.492592592592593,Figure 5 and Sup. Fig. S5,K170:L170
513,33,PL7,900,0.5,3,9.36,3.42,Figure 5 and Sup. Fig. S5,K171:L171
514,33,PL7,900,0.5,4,41.74,2.0299065420560747,Figure 5 and Sup. Fig. S5,K172:L172
515,33,PL7,900,0.5,5,46.74,1.1161904761904762,Figure 5 and Sup. Fig. S5,K173:L173
516,33,PL7,900,0.5,6,45.3,1.431372549019609,Figure 5 and Sup. Fig. S5,K174:L174
517,33,PL7,900,0.5,7,68.22,1.9524752475247522,Figure 5 and Sup. Fig. S5,K175:L175
518,33,PL7,900,0.5,8,74.93,0.6299999999999983,Figure 5 and Sup. Fig. S5,K176:L176
519,33,PL7,900,0.5,9,67.54,1.9518518518518504,Figure 5 and Sup. Fig. S5,K177:L177
520,33,PL7,900,0.5,10,92.95,3.07037037037037,Figure 5 and Sup. Fig. S5,K178:L178
521,33,PL7,900,0.5,11,105.18,0.8529411764705871,Figure 5 and Sup. Fig. S5,K179:L179
522,33,PL7,900,0.5,12,102.93,1.0999999999999992,Figure 5 and Sup. Fig. S5,K180:L180
523,33,PL7,900,0.5,13,124.14,2.036974789915965,Figure 5 and Sup. Fig. S5,K181:L181
524,33,PL7,900,0.5,14,124.1,2.1909909909909904,Figure 5 and Sup. Fig. S5,K182:L182
525,33,PL7,900,0.5,15,126.1,1.7367521367521361,Figure 5 and Sup. Fig. S5,K183:L183
526,36,PL7,900,1.0,1,12.54,2.5081081081081082,Figure 5 and Sup. Fig. S5,N169:O169
527,36,PL7,900,1.0,2,12.17,2.6962264150943396,Figure 5 and Sup. Fig. S5,N170:O170
528,36,PL7,900,1.0,3,13.3,2.483018867924528,Figure 5 and Sup. Fig. S5,N171:O171
529,36,PL7,900,1.0,4,28.19,4.882,Figure 5 and Sup. Fig. S5,N172:O172
530,36,PL7,900,1.0,5,36.08,2.9765765765765773,Figure 5 and Sup. Fig. S5,N173:O173
531,36,PL7,900,1.0,6,35.4,3.2452830188679256,Figure 5 and Sup. Fig. S5,N174:O174
532,36,PL7,900,1.0,7,63.5,2.314285714285714,Figure 5 and Sup. Fig. S5,N175:O175
533,36,PL7,900,1.0,8,64.45,2.4339285714285706,Figure 5 and Sup. Fig. S5,N176:O176
534,36,PL7,900,1.0,9,60.95,2.9791304347826078,Figure 5 and Sup. Fig. S5,N177:O177
535,36,PL7,900,1.0,10,92.13,2.924369747899161,Figure 5 and Sup. Fig. S5,N178:O178
536,36,PL7,900,1.0,11,94.2,2.787272727272727,Figure 5 and Sup. Fig. S5,N179:O179
537,36,PL7,900,1.0,12,96.45,2.539805825242718,Figure 5 and Sup. Fig. S5,N180:O180
538,36,PL7,900,1.0,13,108.0,5.185321100917429,Figure 5 and Sup. Fig. S5,N181:O181
539,36,PL7,900,1.0,14,125.49,1.976146788990825,Figure 5 and Sup. Fig. S5,N182:O182
540,36,PL7,900,1.0,15,122.77,2.545283018867924,Figure 5 and Sup. Fig. S5,N183:O183
