id,study_id,material,time_h,q_mean_mg_g,q_sd_mg_g,replicate_n,uncertainty_type,observation_type,source_sheet,source_time_cell,source_mean_cell,source_sd_cell
1,wang_2021,Al-BC,0.5,1.81,0.3,,source standard deviation,summary mean,PO4-P adsorption kinetics,A3,B3,C3
2,wang_2021,Al-BC,1.0,2.34,0.43,,source standard deviation,summary mean,PO4-P adsorption kinetics,A4,B4,C4
3,wang_2021,Al-BC,1.5,2.52,0.36,,source standard deviation,summary mean,PO4-P adsorption kinetics,A5,B5,C5
4,wang_2021,Al-BC,2.0,2.86,0.22,,source standard deviation,summary mean,PO4-P adsorption kinetics,A6,B6,C6
5,wang_2021,Al-BC,3.0,2.88,0.14,,source standard deviation,summary mean,PO4-P adsorption kinetics,A7,B7,C7
6,wang_2021,Al-BC,4.0,3.45,0.15,,source standard deviation,summary mean,PO4-P adsorption kinetics,A8,B8,C8
7,wang_2021,Al-BC,6.0,3.78,0.2,,source standard deviation,summary mean,PO4-P adsorption kinetics,A9,B9,C9
8,wang_2021,Al-BC,8.0,4.05,0.24,,source standard deviation,summary mean,PO4-P adsorption kinetics,A10,B10,C10
9,wang_2021,Al-BC,12.0,5.23,0.47,,source standard deviation,summary mean,PO4-P adsorption kinetics,A11,B11,C11
10,wang_2021,Al-BC,24.0,6.55,0.37,,source standard deviation,summary mean,PO4-P adsorption kinetics,A12,B12,C12
11,wang_2021,Al-BC,48.0,8.34,0.48,,source standard deviation,summary mean,PO4-P adsorption kinetics,A13,B13,C13
12,wang_2021,Al-BC,72.0,9.25,0.01,,source standard deviation,summary mean,PO4-P adsorption kinetics,A14,B14,C14
13,wang_2021,Ca-BC,0.5,6.83,0.29,,source standard deviation,summary mean,PO4-P adsorption kinetics,A3,D3,E3
14,wang_2021,Ca-BC,1.0,7.1,0.08,,source standard deviation,summary mean,PO4-P adsorption kinetics,A4,D4,E4
15,wang_2021,Ca-BC,1.5,7.23,0.15,,source standard deviation,summary mean,PO4-P adsorption kinetics,A5,D5,E5
16,wang_2021,Ca-BC,2.0,7.75,0.12,,source standard deviation,summary mean,PO4-P adsorption kinetics,A6,D6,E6
17,wang_2021,Ca-BC,3.0,8.84,0.21,,source standard deviation,summary mean,PO4-P adsorption kinetics,A7,D7,E7
18,wang_2021,Ca-BC,4.0,9.31,0.04,,source standard deviation,summary mean,PO4-P adsorption kinetics,A8,D8,E8
19,wang_2021,Ca-BC,6.0,9.56,0.04,,source standard deviation,summary mean,PO4-P adsorption kinetics,A9,D9,E9
20,wang_2021,Ca-BC,8.0,9.62,0.06,,source standard deviation,summary mean,PO4-P adsorption kinetics,A10,D10,E10
21,wang_2021,Ca-BC,12.0,9.76,0.05,,source standard deviation,summary mean,PO4-P adsorption kinetics,A11,D11,E11
22,wang_2021,Ca-BC,24.0,9.79,0.06,,source standard deviation,summary mean,PO4-P adsorption kinetics,A12,D12,E12
23,wang_2021,Ca-BC,48.0,9.82,0.01,,source standard deviation,summary mean,PO4-P adsorption kinetics,A13,D13,E13
24,wang_2021,Ca-BC,72.0,9.83,0.01,,source standard deviation,summary mean,PO4-P adsorption kinetics,A14,D14,E14
25,wang_2021,Fe-BC,0.5,5.87,0.45,,source standard deviation,summary mean,PO4-P adsorption kinetics,A3,F3,G3
26,wang_2021,Fe-BC,1.0,6.09,0.32,,source standard deviation,summary mean,PO4-P adsorption kinetics,A4,F4,G4
27,wang_2021,Fe-BC,1.5,6.33,0.16,,source standard deviation,summary mean,PO4-P adsorption kinetics,A5,F5,G5
28,wang_2021,Fe-BC,2.0,6.49,0.22,,source standard deviation,summary mean,PO4-P adsorption kinetics,A6,F6,G6
29,wang_2021,Fe-BC,3.0,6.96,0.37,,source standard deviation,summary mean,PO4-P adsorption kinetics,A7,F7,G7
30,wang_2021,Fe-BC,4.0,7.18,0.3,,source standard deviation,summary mean,PO4-P adsorption kinetics,A8,F8,G8
31,wang_2021,Fe-BC,6.0,7.57,0.31,,source standard deviation,summary mean,PO4-P adsorption kinetics,A9,F9,G9
32,wang_2021,Fe-BC,8.0,8.06,0.06,,source standard deviation,summary mean,PO4-P adsorption kinetics,A10,F10,G10
33,wang_2021,Fe-BC,12.0,8.5,0.07,,source standard deviation,summary mean,PO4-P adsorption kinetics,A11,F11,G11
34,wang_2021,Fe-BC,24.0,8.82,0.16,,source standard deviation,summary mean,PO4-P adsorption kinetics,A12,F12,G12
35,wang_2021,Fe-BC,48.0,8.75,0.19,,source standard deviation,summary mean,PO4-P adsorption kinetics,A13,F13,G13
36,wang_2021,Fe-BC,72.0,8.75,0.02,,source standard deviation,summary mean,PO4-P adsorption kinetics,A14,F14,G14
37,wang_2021,La-BC,0.5,9.82,0.04,,source standard deviation,summary mean,PO4-P adsorption kinetics,A3,H3,I3
38,wang_2021,La-BC,1.0,9.87,0.02,,source standard deviation,summary mean,PO4-P adsorption kinetics,A4,H4,I4
39,wang_2021,La-BC,1.5,9.88,0.03,,source standard deviation,summary mean,PO4-P adsorption kinetics,A5,H5,I5
40,wang_2021,La-BC,2.0,9.87,0.02,,source standard deviation,summary mean,PO4-P adsorption kinetics,A6,H6,I6
41,wang_2021,La-BC,3.0,9.87,0.02,,source standard deviation,summary mean,PO4-P adsorption kinetics,A7,H7,I7
42,wang_2021,La-BC,4.0,9.88,0.02,,source standard deviation,summary mean,PO4-P adsorption kinetics,A8,H8,I8
43,wang_2021,La-BC,6.0,9.91,0.01,,source standard deviation,summary mean,PO4-P adsorption kinetics,A9,H9,I9
44,wang_2021,La-BC,8.0,9.89,0.02,,source standard deviation,summary mean,PO4-P adsorption kinetics,A10,H10,I10
45,wang_2021,La-BC,12.0,9.88,0.04,,source standard deviation,summary mean,PO4-P adsorption kinetics,A11,H11,I11
46,wang_2021,La-BC,24.0,9.91,0.01,,source standard deviation,summary mean,PO4-P adsorption kinetics,A12,H12,I12
47,wang_2021,La-BC,48.0,9.9,0.01,,source standard deviation,summary mean,PO4-P adsorption kinetics,A13,H13,I13
48,wang_2021,La-BC,72.0,9.91,0.02,,source standard deviation,summary mean,PO4-P adsorption kinetics,A14,H14,I14
49,wang_2021,Mg-BC,0.5,1.51,0.02,,source standard deviation,summary mean,PO4-P adsorption kinetics,A3,J3,K3
50,wang_2021,Mg-BC,1.0,1.98,0.04,,source standard deviation,summary mean,PO4-P adsorption kinetics,A4,J4,K4
51,wang_2021,Mg-BC,1.5,2.63,0.03,,source standard deviation,summary mean,PO4-P adsorption kinetics,A5,J5,K5
52,wang_2021,Mg-BC,2.0,7.38,0.01,,source standard deviation,summary mean,PO4-P adsorption kinetics,A6,J6,K6
53,wang_2021,Mg-BC,3.0,8.53,0.03,,source standard deviation,summary mean,PO4-P adsorption kinetics,A7,J7,K7
54,wang_2021,Mg-BC,4.0,8.93,0.04,,source standard deviation,summary mean,PO4-P adsorption kinetics,A8,J8,K8
55,wang_2021,Mg-BC,6.0,9.28,0.0,,source standard deviation,summary mean,PO4-P adsorption kinetics,A9,J9,K9
56,wang_2021,Mg-BC,8.0,9.54,0.03,,source standard deviation,summary mean,PO4-P adsorption kinetics,A10,J10,K10
57,wang_2021,Mg-BC,12.0,9.56,0.02,,source standard deviation,summary mean,PO4-P adsorption kinetics,A11,J11,K11
58,wang_2021,Mg-BC,24.0,9.86,0.02,,source standard deviation,summary mean,PO4-P adsorption kinetics,A12,J12,K12
59,wang_2021,Mg-BC,48.0,9.73,0.01,,source standard deviation,summary mean,PO4-P adsorption kinetics,A13,J13,K13
60,wang_2021,Mg-BC,72.0,9.82,0.01,,source standard deviation,summary mean,PO4-P adsorption kinetics,A14,J14,K14
61,wang_2021,BC,0.5,-0.33,0.06,,source standard deviation,summary mean,PO4-P adsorption kinetics,A3,L3,M3
62,wang_2021,BC,1.0,-0.15,0.09,,source standard deviation,summary mean,PO4-P adsorption kinetics,A4,L4,M4
63,wang_2021,BC,1.5,0.01,0.55,,source standard deviation,summary mean,PO4-P adsorption kinetics,A5,L5,M5
64,wang_2021,BC,2.0,-0.22,0.18,,source standard deviation,summary mean,PO4-P adsorption kinetics,A6,L6,M6
65,wang_2021,BC,3.0,-0.34,0.28,,source standard deviation,summary mean,PO4-P adsorption kinetics,A7,L7,M7
66,wang_2021,BC,4.0,-0.27,0.25,,source standard deviation,summary mean,PO4-P adsorption kinetics,A8,L8,M8
67,wang_2021,BC,6.0,-0.37,0.33,,source standard deviation,summary mean,PO4-P adsorption kinetics,A9,L9,M9
68,wang_2021,BC,8.0,-0.21,0.32,,source standard deviation,summary mean,PO4-P adsorption kinetics,A10,L10,M10
69,wang_2021,BC,12.0,-0.46,0.14,,source standard deviation,summary mean,PO4-P adsorption kinetics,A11,L11,M11
70,wang_2021,BC,24.0,-0.43,0.09,,source standard deviation,summary mean,PO4-P adsorption kinetics,A12,L12,M12
71,wang_2021,BC,48.0,-0.65,0.08,,source standard deviation,summary mean,PO4-P adsorption kinetics,A13,L13,M13
72,wang_2021,BC,72.0,-0.77,0.02,,source standard deviation,summary mean,PO4-P adsorption kinetics,A14,L14,M14
