material,target_mg_g,sd_multiplier,status,previous_sample_h,first_sustained_sample_h
Al-BC,5.0,0.0,observed,8.0,12.0
Al-BC,5.0,1.0,observed,12.0,24.0
Al-BC,5.0,2.0,observed,12.0,24.0
Al-BC,8.0,0.0,observed,24.0,48.0
Al-BC,8.0,1.0,observed,48.0,72.0
Al-BC,8.0,2.0,observed,48.0,72.0
Al-BC,9.0,0.0,observed,48.0,72.0
Al-BC,9.0,1.0,observed,48.0,72.0
Al-BC,9.0,2.0,observed,48.0,72.0
Ca-BC,5.0,0.0,at_first_sample,,0.5
Ca-BC,5.0,1.0,at_first_sample,,0.5
Ca-BC,5.0,2.0,at_first_sample,,0.5
Ca-BC,8.0,0.0,observed,2.0,3.0
Ca-BC,8.0,1.0,observed,2.0,3.0
Ca-BC,8.0,2.0,observed,2.0,3.0
Ca-BC,9.0,0.0,observed,3.0,4.0
Ca-BC,9.0,1.0,observed,3.0,4.0
Ca-BC,9.0,2.0,observed,3.0,4.0
Fe-BC,5.0,0.0,at_first_sample,,0.5
Fe-BC,5.0,1.0,at_first_sample,,0.5
Fe-BC,5.0,2.0,observed,0.5,1.0
Fe-BC,8.0,0.0,observed,6.0,8.0
Fe-BC,8.0,1.0,observed,6.0,8.0
Fe-BC,8.0,2.0,observed,8.0,12.0
Fe-BC,9.0,0.0,not_sustained_by_last_sample,,
Fe-BC,9.0,1.0,not_sustained_by_last_sample,,
Fe-BC,9.0,2.0,not_sustained_by_last_sample,,
La-BC,5.0,0.0,at_first_sample,,0.5
La-BC,5.0,1.0,at_first_sample,,0.5
La-BC,5.0,2.0,at_first_sample,,0.5
La-BC,8.0,0.0,at_first_sample,,0.5
La-BC,8.0,1.0,at_first_sample,,0.5
La-BC,8.0,2.0,at_first_sample,,0.5
La-BC,9.0,0.0,at_first_sample,,0.5
La-BC,9.0,1.0,at_first_sample,,0.5
La-BC,9.0,2.0,at_first_sample,,0.5
Mg-BC,5.0,0.0,observed,1.5,2.0
Mg-BC,5.0,1.0,observed,1.5,2.0
Mg-BC,5.0,2.0,observed,1.5,2.0
Mg-BC,8.0,0.0,observed,2.0,3.0
Mg-BC,8.0,1.0,observed,2.0,3.0
Mg-BC,8.0,2.0,observed,2.0,3.0
Mg-BC,9.0,0.0,observed,4.0,6.0
Mg-BC,9.0,1.0,observed,4.0,6.0
Mg-BC,9.0,2.0,observed,4.0,6.0
BC,5.0,0.0,not_sustained_by_last_sample,,
BC,5.0,1.0,not_sustained_by_last_sample,,
BC,5.0,2.0,not_sustained_by_last_sample,,
BC,8.0,0.0,not_sustained_by_last_sample,,
BC,8.0,1.0,not_sustained_by_last_sample,,
BC,8.0,2.0,not_sustained_by_last_sample,,
BC,9.0,0.0,not_sustained_by_last_sample,,
BC,9.0,1.0,not_sustained_by_last_sample,,
BC,9.0,2.0,not_sustained_by_last_sample,,
